ID_AUFTRAG_ZPM,EIGENFREQ_ALT_STUFE_5,STW_NUM,n0_3,BIEGESTEIFIGKEIT,MASSE,DATUM_GESAMT_BAUJAHR,V_SOLL_IST,BETA_HT_M_DEB,BETA_HT_Q_DEB,Ssp_Randkonstruktion
4518,11.38,10.7,7.135,3748,13.86,1977,200,0.928,2.209,1
4519,11.56,10.7,7.135,3748,13.86,1977,200,0.928,2.209,1
4524,11.7,9.9,5.59,1677.38,13.79,1977,200,1.12,3.48,0
4523,11.7,9.9,5.616,1677.38,13.66,1977,200,1.12,3.48,1
2029,6.45,17.2,4.475,14206,20,1989,200,1.052,2.222,1
14483,6.55,14.6,4.114,5298,17,1964,200,0.972,2.222,1
1958,6.17,14.6,4.462,5133,14,1964,200,1.07,2.222,0
16900,5.75,14.6,4.21,6202,19,2001,120,0.848,1.111,0
5158,6.3,11.7,5.173,2662,13.1,1976,200,0.95,0.98,1
5157,6.2,11.7,5.173,2662,13.1,1976,200,0.95,0.98,1
5104,7.3,12.2,5.931,5199,16.46,1991,200,1.052,1.088,1
5105,7.3,12.2,5.964,5053,15.82,1991,200,1.052,1.088,1
1070,8.4,11.3,5.608,3462,16.66,1985,200,1.23,3.18,1
1071,8.4,11.3,5.608,3462,16.66,1985,200,1.23,3.18,1
4691,11.4,11.2,6.372,4338,16.754,1977,200,1.05,1.07,0
18501,9.1,11.21,6.145,4495,18.6,1977,160,0.96,0.98,1
4293,17,5.49,11.65,610.6,12.22,1987,280,0.95,0.95,0
4292,16.9,5.49,11.65,610.6,12.22,1987,280,0.95,0.95,1
4070,5.8,16,4.585,11990,21.47,1991,280,1,1,1
4071,6,16,4.585,11990,21.47,1991,280,1,1,1
4279,11.7,11.4,7.889,9373,22,1982,280,1,1,1
4278,11.7,11.4,7.889,9373,22,1982,280,1,1,1
2779,6,16.5,4.651,14269,21.96,1981,250,1,1,1
34692,4.4,19.4,3.312,10404,16.52,1989,140,1,1.1,1
36062,4.4,19.4,3.32,10404,16.44,1989,140,1,1.1,1
1907,8.75,12.2,4.795,3037,14.71,1975,160,1.73,1.73,1
13208,8.77,12.2,4.795,3037,14.71,1975,160,1.73,1.73,1
1902,11.9,7,6.325,545,14,1994,160,1.038,2,1
14377,12.2,7,6.325,545,14,1994,160,1.038,2,1
12021,8.48,11.54,6.076,3845,14.49,1994,200,1.43,1.43,1
13032,8.53,11.54,6.076,3845,14.49,1994,200,1.43,1.43,1
1884,7.2,11.9,4.401,2292,14.56,1993,200,1.53,1.53,1
14261,7.2,11.9,4.389,2071,13.23,1993,200,1.53,1.53,1
1882,8.1,12,5.797,4770,16.89,1976,200,1.25,1.25,1
13497,8.2,12,5.797,4770,16.89,1976,200,1.25,1.25,1
1431,9.8,11,5.765,3221,16.33,1982,160,1.24,1.24,1
1345,8.39,13.2,4.04,2802,13.95,1988,160,1.187,2,1
13138,8.37,10.6,6.265,2802,13.95,1988,160,1.928,2,0
1346,13.96,8.4,8.339,1855,13.22,1988,160,1,1,0
2198,8.6,11,5.551,2743,15,1980,200,1.31,1.31,1
2199,8.6,11,5.551,2743,15,1980,200,1.31,1.31,1
2204,10.5,9.6,6.699,2317,15,1980,200,1.37,1.37,1
2203,10.3,9.6,6.699,2317,15,1980,200,1.37,1.37,1
3666,8.5,11.77,6.037,4498.9,15.87,1979,200,0.999,1.028,1
3668,8.72,11.3,6.084,4058.2,16.59,1989,200,1,1,1
3675,6.48,15.95,4.588,10246.3,18.56,1990,200,1,1,1
3676,6.48,15.95,4.588,10246.3,18.56,1990,200,1,1,1
3678,7.9,13.93,4.655,5658,17.11,1979,200,1.109,1.165,1
29812,41.6,4,25.505,710,10.52,1912,120,0.902,0.902,0
6949,21.4,5.3,14.839,507,7.2,1912,130,0.849,0.851,1
21780,10.2,11.25,7.082,6036,18.54,2002,250,2.12,2.12,1
20726,6.16,15.92,4.814,12590,20.87,2001,250,1.083,1.083,1
25711,6.16,15.92,4.82,12425,20.54,2001,250,1.18,1.18,1
6756,21,6.1,10.056,715,12.6,1934,200,1.125,1.018,0
6755,21.2,6.1,9.949,561,10.1,1934,200,1.12,1.018,1
1793,24,4.8,12.964,307,8.49,1957,200,0.8,0.79,1
13483,24,4.8,12.959,310,8.58,1957,200,0.8,0.79,1
20684,5.2,19.24,3.262,10274,17.39,2009,160,1,1,1
22749,5.6,19.31,3.223,10120,17.29,2008,160,1.11,1.11,1
240,9.3,10.49,6.514,3981,19.12,2001,200,2.18,1,0
23472,5.2,17.5,3.55,7634,15.934,1983,140,0.98,1,1
2809,6.1,18.7,4.071,14700,17.9,1973,160,1.121,1.215,0
2808,6.1,18.7,4.071,14700,17.9,1973,160,1.121,1.215,1
6151,5.4,18.53,4.138,13621,16.65,1986,160,1.6,1.57,1
19306,12.9,7.7,6.989,364,5.23,1893,160,0.94,0.94,0
16120,12.8,7.7,6.989,364,5.23,1893,160,0.94,0.94,1
49702,5.15,18.45,3.926,10684,14.76,1972,160,1.52,1.52,1
11531,7.04,19.45,4.388,18014,16.13,1993,200,1.28,3.24,1
2958,9.1,11.5,5.642,3285,14.56,1973,160,1.534,2,1
6410,14.2,8.6,8.75,2896,17.06,1987,280,2.06,1,1
6409,14.1,8.6,8.75,2896,17.06,1987,280,2.06,1,1
7852,23.1,5.85,15.299,901,8.11,1900,200,0.68,3.04,2
23,13.7,9.32,5.57,1647,17.36,1996,140,1,1,0
24,17.5,9.32,6.153,1887,16.3,1996,130,1,1,0
13058,16.7,9.32,14.362,10155,16.1,1996,130,1,1,1
7695,21.3,7.3,20.826,1042.29,2.088,1932,160,1.38,1.38,1
11461,8.9,11.1,6.214,3787.3,15.94,1992,200,1.89,1.62,1
11462,9,11.1,6.214,3787.3,15.94,1992,200,1.89,1.62,1
7727,14,10,8.243,4332,15.73,1969,200,0.94,3,1
7726,14,10,8.243,4332,15.73,1969,200,0.94,3,1
7738,5.18,15.85,4.278,7891,16.86,1991,200,1.12,1.2,1
7737,5.08,16.2,4.208,7468,15.11,1991,200,1.04,1.1,1
7755,5,15.3,3.766,4520.9,14.35,1985,160,1.03,1.99,1
7756,4.96,15.3,3.766,4520.9,14.35,1983,160,1.03,1.99,1
8027,11.3,11.7,5.011,2817,14.773,1981,140,1.61,4.76,1
8028,11.2,11.7,5.011,2817,14.773,1981,140,1.61,4.76,1
630,9.92,11.07,5.315,2417,14.06,2002,160,1.22,2,1
8351,7.9,12.52,4.611,3373,15.93,2003,200,1,1.99,1
68,6.9,13.85,4.472,6079,20.38,2003,200,1,1,1
8378,17.33,5.5,11.738,535,10.47,1975,160,1.051,1.999,1
8379,17.33,5.5,11.71,535,10.52,1975,160,1.051,1.999,1
8186,22.3,5.5,36.262,6532,13.395,1927,160,1.251,1.99,1
8198,7.15,15.5,4.273,6893,16.14,1980,160,1.13,3,1
8202,16,7.5,6.232,508,10.2,1980,160,1.47,1.99,1
8203,16.1,7.5,6.232,508,10.2,1980,160,1.47,1.99,1
8224,8.99,12.03,6.36,5411.5,15.76,1979,160,1.8,3,1
8223,9.13,12.03,6.357,6065.2,17.68,1979,160,1.8,3,1
8487,15.01,6.6,9.411,756,11.1,1975,160,0.89,1.97,0
8489,15.01,7.15,7.588,616,10.1,1972,160,0.89,1.977,1
8514,9.86,16.08,3.666,6772,18.6,2009,200,1,1,0
8525,11.2,10,4.536,667,8,1900,140,0.8,2,1
50501,32.8,6.5,14.234,1586,10.82,1902,120,0.66,1.999,1
55526,6.2,14.2,4.131,6578,23.39,1990,120,1,1,1
8600,9.75,21,4.066,29966.4,23,1935,110,1.3,1.5,2
8610,25,7.15,12.842,2384.3,13.65,1935,120,1.2,1.98,2
8611,23,7.15,13.024,2612.3,14.54,1935,130,1.2,1.99,2
8632,18.5,7.72,10.328,2291,14.92,1931,110,1.4,3,1
8631,18.5,7.72,11.324,2647.3,14.34,1937,110,1.4,3,1
8633,17.5,6.8,10.328,1357,14.68,1976,110,1.375,1.999,2
50966,8.5,11.4,4.546,1976,13.97,2003,160,1,1,1
27335,7,13.4,4.401,4660,18.41,2000,140,1,1,2
27884,8.5,10.4,5.465,2355,16.63,1978,140,1.596,1.999,2
29289,11.25,9.6,5.955,1874,15.35,1978,140,0.98,0.98,2
15765,7.5,12.3,4.947,3594,15.83,1990,160,1.24,3.8,1
9451,5.8,16.4,2.848,4304,18.1,1983,160,1.23,3,1
9452,5.7,16.4,2.848,4304,18.1,1983,160,1.23,3,1
11734,8.4,13.45,5.298,8141,21.87,1995,230,1.83,3,1
13074,8.5,13.45,5.435,7436.65,18.98,1995,230,2.32,3,1
11774,11.7,9.8,7.91,3679,15.73,1992,230,1.76,3,1
11777,5.196,17.7,2.523,4625.7,18.27,1996,230,1.4,3,1
14740,5.165,17.7,2.523,4625.7,18.27,1996,230,1.4,3,1
11778,4.45,20.2,2.877,11172,20,1997,230,1.29,3,1
14410,4.38,20.2,2.877,11172,20,1997,230,1.29,3,1
12573,15.4,8.82,7.108,2492,20.11,1995,200,1,1,1
12574,16.1,8.82,7.108,2492,20.11,1995,200,1,1,1
12267,5.4,16.05,4.224,7722.6,16.09,1996,250,1.04,1,0
12266,5.3,16.05,4.059,8825.8,19.92,1996,250,1.04,1,1
12182,6.54,13.32,4.1,3352.4,15.634,1996,200,1.55,1,1
23194,5.4,17.7,2.834,5564,17.41,1993,160,1,1,1
20046,17.5,7.8,14.308,1895,6.17,1990,120,0.971,0.968,1
22679,7.1,12.2,4.316,2529,15.12,1992,160,1,1,1
23616,7.2,12.2,4.316,2529,15.12,1992,160,1,1,1
11747,9.6,11,5.482,2646,14.84,1994,200,1,1,1
13103,9.5,11,5.482,2646,14.84,1994,200,1,1,1
11748,9.9,10,5.11,1510,14.27,1994,200,1,1,1
14636,10.1,10,5.11,1510,14.27,1994,200,1,1,1
11749,8.9,11.7,5.581,3511,14.84,1995,200,1,1,1
13051,7.3,14,4.17,4870,17.99,1999,200,1,1,1
26892,6.9,13.2,4.644,5639,21.25,1995,250,1.29,1,1
26858,6.9,13.2,4.644,5639,21.25,1995,250,1.29,1,1
26496,9.9,12.86,4.613,3907,16.56,1994,250,1,1,0
26574,10,12.86,4.613,3907,16.56,1994,250,1,1,0
12469,9,15,3.929,7656,24.168,1995,250,1,1,1
12468,9,15,3.929,7656,24.168,1995,250,1,1,0
12530,6.4,12.45,3.077,1716,18.61,1995,250,1,1,1
26824,15.4,8.82,7.108,2492,20.11,1997,250,1,1,1
24754,9.6,12.6,3.191,1608,15.46,1989,160,1.04,1.09,1
12392,7.9,12,4.4,2540,15.61,1999,160,1.09,1,1
12391,8.07,12,4.767,2683,14.05,1999,160,1.05,1,0
11961,4.75,17,3.264,6204.8,17.21,1995,200,1.24,1.59,1
11965,6.86,12.5,4.591,3280.2,15.73,2009,200,1.07,1.15,1
12237,12.9,8.28,8.407,1885,14,1998,200,3.13,1.95,1
12238,12.9,8.28,8.528,1826,13.18,1998,200,3.13,1.95,1
11983,9.6,9,6.633,1581.8,13.52,1996,200,1.25,1.41,1
11982,9.6,9,6.633,1581.8,13.52,1996,200,1.25,1.41,1
12072,8,11.57,4.738,2475,15.18,1996,200,1.7,1.7,1
12073,8,11.57,4.738,2475,15.18,1996,200,1.7,1.7,1
28261,4.48,18,3.712,9926,16.93,2000,160,1,1,0
24001,7,12.4,4.412,2940,15.76,2001,200,1,1,1
25681,6.9,12.4,4.412,2940,15.76,2001,200,1,1,1
24507,14,9.1,7.529,2437,15.47,1997,200,1,1,1
12674,9.3,11.5,5.831,4061,16.85,1995,200,1.332,1.332,1
24193,8.5,12.9,4.584,3726,15.8,1995,160,1,1,2
